Employee;Project
Sands Carey;ProjectA
Thackston Erin;ProjectC
O'Heaney King;ProjectA
Myrick Luigi;ProjectB
Lutz Loy;ProjectC
MacDiarmond Raquel;ProjectC
Hully Klara;ProjectB
Dunstan Tris;ProjectB
Brockelsby Link;ProjectA
Bentote Lura;ProjectC
Tetford Bernelle;ProjectB
Meiner Leola;ProjectA
Ivanovic Belia;ProjectC
Stickford Gerick;ProjectA
James Cello;ProjectD
Tunbridge Cesya;ProjectE
Bernardotte Gunar;ProjectE
Bernardotte Gunar;ProjectD
Rubinow Rab;ProjectD
Raccio Wilie;ProjectE
MacDougal West;ProjectD
Bramstom Curt;ProjectE
Idwal Evans Mimi;ProjectE
Hudel Magnum;ProjectD
Rochell Nial;ProjectE
Franchyonok Claudian;ProjectD